number,section,seconds,title,source_id,source_path,source_sha256,target,target_sha256,native_dimensions,paper_anchor,evidence_scope,status
1,主讲,15,封面：方法与落地贯通,F01,slides/final/images/01.png,c139cedc5e6569f67a7bd008328c064c626ebda354e83e4ed2996888ee197560,images/01.png,c139cedc5e6569f67a7bd008328c064c626ebda354e83e4ed2996888ee197560,1672x941,问题与研究思路,研究主张,approved
2,主讲,25,问题：评价有证据的变化,R02A,slides/rich/images/R02A-question.png,3f14e3fecf1610719367daa3961641e7115aaab6f045b6fd59e9ac17e4237c93,images/02.png,3f14e3fecf1610719367daa3961641e7115aaab6f045b6fd59e9ac17e4237c93,1672x941,问题与研究思路,问题定义,approved
3,主讲,30,A—E 递进建模链,R04A,slides/rich/images/R04A-chain.png,c2ee4b24646307d2f7f28f8529ea2b76bd818d2b1fce7cd49af797bc450c11cf,images/03.png,c2ee4b24646307d2f7f28f8529ea2b76bd818d2b1fce7cd49af797bc450c11cf,1672x941,问题与研究思路；A—E,模型结构,approved
4,主讲,25,双模型标注与独立复核,R06B,slides/rich/images/R06B-annotation.png,a333d051a7756d5ec545f78ed9dde5a9f75f9bdac421c8491fbc1c802d43a5f9,images/04.png,a333d051a7756d5ec545f78ed9dde5a9f75f9bdac421c8491fbc1c802d43a5f9,1672x941,A：认知测量与 AI 辅助校验,测评流程,approved
5,主讲,35,真实结果：同回合双维候选,F05,slides/final/images/05.png,b7931e3f9ca38d565717065a09b6ea9ce561061b83677e61b6382de83c8567f0,images/05.png,b7931e3f9ca38d565717065a09b6ea9ce561061b83677e61b6382de83c8567f0,1672x941,A：真实双维分布与层级解释,t3冻结真实回合,approved
6,主讲,45,五维条件范围与稳健决策,F07,slides/final/images/07.png,ad0a8fcc0aad9c3dc9bd9cdae4287bc9379092c128567b25a451551cb4405c05,images/06.png,ad0a8fcc0aad9c3dc9bd9cdae4287bc9379092c128567b25a451551cb4405c05,1672x941,C：标签与权重扰动的求解及结果,条件情景；真实样本的候选标签,approved
7,主讲,25,合成反例与抗操纵回验,F08,slides/final/images/08.png,81620d771e43e5fd34c052a1150e74365e8c3a19ce4a39fab2910e72aa16bc22,images/07.png,81620d771e43e5fd34c052a1150e74365e8c3a19ce4a39fab2910e72aa16bc22,1672x941,D：主动检验与上游反馈,工程合成反例,approved
8,主讲,10,平台入口：扫码查看演示,QR,slides/roadshow/source/deployment-entry.png,899fc45e425ea37303ee85a88c2bdf27befca605040055fadd9149f39f847a61,images/08.png,899fc45e425ea37303ee85a88c2bdf27befca605040055fadd9149f39f847a61,1672x941,E：真实诊断与教学行动,部署入口；非研究数据,approved
9,主讲,10,完整证据下的指标演示,web05,slides/final/images/web-05-完整证据计算.png,4d41a1b5ae28d19c825cf3a182465812403a4471899d93d6deab021e8969f317,images/09.png,4d41a1b5ae28d19c825cf3a182465812403a4471899d93d6deab021e8969f317,1672x941,C：有界指标与真实条件范围,保存的合成标签确定性计算（61.7）,approved
10,主讲,15,缺失证据下的条件范围与补采,web06,slides/final/images/web-06-缺失证据响应.png,c61738d40e43561720a22ddf00637a78d80232fd5c394ed3e81733adc6f511d6,images/10.png,c61738d40e43561720a22ddf00637a78d80232fd5c394ed3e81733adc6f511d6,1672x941,C：有界指标与真实条件范围,保存的合成标签确定性计算（36—76）,approved
11,主讲,25,教师报告与下一步行动,web04,slides/final/images/web-04-教师简报与行动建议.jpg,58336fa6b4f37dc7a1683fbef280a573ea2fd4e88b8c0ad98907e9abf49878f3,images/11.jpg,58336fa6b4f37dc7a1683fbef280a573ea2fd4e88b8c0ad98907e9abf49878f3,1672x941,E：真实诊断与教学行动,两条构造输入的真实模型运行,approved
12,主讲,10,汇报完毕，敬请指教,F10,slides/final/images/10.png,32c03d390e9d57db28ae0c38d0db38040b4fa384f96dc628a8dbdb2ae5a5e371,images/12.png,32c03d390e9d57db28ae0c38d0db38040b4fa384f96dc628a8dbdb2ae5a5e371,1672x941,讨论与结论,演讲封底,approved
13,备答,0,备答：因果增量识别,F06,slides/final/images/06.png,f6073e95112fa95f77aaa364ad1228b4504e8837e1a16d4623eabb3f62b9f6dd,images/13.png,f6073e95112fa95f77aaa364ad1228b4504e8837e1a16d4623eabb3f62b9f6dd,1672x941,B：可比性、过程关联与增量目标,识别条件与局限,approved
14,备答,0,备答：任务与贡献的测量,F11,slides/final/images/11.png,583f960e0d5fcd0b6072523b3f25353ee7e416b93e5031b08114210b878894a8,images/14.png,583f960e0d5fcd0b6072523b3f25353ee7e416b93e5031b08114210b878894a8,1672x941,A：两维标签、决策规则与共同样本比较,示意文本；非学生原文,approved
15,备答,0,备答：人工复评的口径,F04,slides/final/images/04.png,168ebaea98a8857b1b8710d8c53276e92d0377f0b5a676a7d3aa590f07fbd243,images/15.png,168ebaea98a8857b1b8710d8c53276e92d0377f0b5a676a7d3aa590f07fbd243,1672x941,A：独立判断到 AI 推荐辅助复评,人工过程观察；非因果效应,approved
16,备答,0,备答：权重敏感性,F14,slides/final/images/14.png,845e3d6aaf9723388f1e191823b6d1c40a8b07a550dfeed4dc9e374b6a36e2c6,images/16.png,845e3d6aaf9723388f1e191823b6d1c40a8b07a550dfeed4dc9e374b6a36e2c6,1672x941,C：标签与权重扰动的求解及结果,条件模型,approved
17,备答,0,备答：原文追溯与人工核验,web03,slides/final/images/web-03-原文与人工复核.jpg,72c1b6eda4cd3a9b31b6c460857e237118a1353026058300260465c17ef15fdb,images/17.jpg,72c1b6eda4cd3a9b31b6c460857e237118a1353026058300260465c17ef15fdb,1672x941,A：认知测量与 AI 辅助校验,构造输入的真实模型运行,approved
18,备答,0,备答：四模型任务记录,web02,slides/final/images/web-02-四模型任务记录.png,634e28d54e3afc8e850571c6033d5bbb68547d8f3f5663c10e34019ea3486a68,images/18.png,634e28d54e3afc8e850571c6033d5bbb68547d8f3f5663c10e34019ea3486a68,1672x941,A：认知测量与 AI 辅助校验,构造输入；工程控制运行,approved
19,备答,0,备答：仓库与复现,F16,slides/final/images/16.png,fb77c4b51082d7e2c8568959e4d1fb2b93ceec93663b6072771e442d92094761,images/19.png,fb77c4b51082d7e2c8568959e4d1fb2b93ceec93663b6072771e442d92094761,1672x941,讨论与结论,复现路径,approved
20,致谢,0,感谢各位评委的指导,F17,slides/final/images/17.png,d035a87614fd1903aa379dcb69cc400800111b5c30d2ae81f73041b4952acb0b,images/20.png,d035a87614fd1903aa379dcb69cc400800111b5c30d2ae81f73041b4952acb0b,1672x941,讨论与结论,问答封底,approved
