kind,stratum,dimension,before_status,after_status,count,turn_denominator
real,random_audit,task,agreed,agreed,79,352
real,random_audit,task,agreed,abstained,1,352
real,random_audit,task,agreed,disagreement,24,352
real,random_audit,task,agreed,uncertain,6,352
real,random_audit,task,agreed,technical_failure,0,352
real,random_audit,task,abstained,agreed,0,352
real,random_audit,task,abstained,abstained,120,352
real,random_audit,task,abstained,disagreement,64,352
real,random_audit,task,abstained,uncertain,0,352
real,random_audit,task,abstained,technical_failure,0,352
real,random_audit,task,disagreement,agreed,2,352
real,random_audit,task,disagreement,abstained,7,352
real,random_audit,task,disagreement,disagreement,22,352
real,random_audit,task,disagreement,uncertain,3,352
real,random_audit,task,disagreement,technical_failure,1,352
real,random_audit,task,uncertain,agreed,4,352
real,random_audit,task,uncertain,abstained,1,352
real,random_audit,task,uncertain,disagreement,4,352
real,random_audit,task,uncertain,uncertain,1,352
real,random_audit,task,uncertain,technical_failure,1,352
real,random_audit,task,technical_failure,agreed,1,352
real,random_audit,task,technical_failure,abstained,0,352
real,random_audit,task,technical_failure,disagreement,8,352
real,random_audit,task,technical_failure,uncertain,2,352
real,random_audit,task,technical_failure,technical_failure,1,352
real,random_audit,contribution,agreed,agreed,39,352
real,random_audit,contribution,agreed,abstained,4,352
real,random_audit,contribution,agreed,disagreement,21,352
real,random_audit,contribution,agreed,uncertain,0,352
real,random_audit,contribution,agreed,technical_failure,0,352
real,random_audit,contribution,abstained,agreed,0,352
real,random_audit,contribution,abstained,abstained,245,352
real,random_audit,contribution,abstained,disagreement,1,352
real,random_audit,contribution,abstained,uncertain,0,352
real,random_audit,contribution,abstained,technical_failure,0,352
real,random_audit,contribution,disagreement,agreed,8,352
real,random_audit,contribution,disagreement,abstained,11,352
real,random_audit,contribution,disagreement,disagreement,11,352
real,random_audit,contribution,disagreement,uncertain,0,352
real,random_audit,contribution,disagreement,technical_failure,0,352
real,random_audit,contribution,uncertain,agreed,0,352
real,random_audit,contribution,uncertain,abstained,0,352
real,random_audit,contribution,uncertain,disagreement,0,352
real,random_audit,contribution,uncertain,uncertain,0,352
real,random_audit,contribution,uncertain,technical_failure,0,352
real,random_audit,contribution,technical_failure,agreed,5,352
real,random_audit,contribution,technical_failure,abstained,1,352
real,random_audit,contribution,technical_failure,disagreement,5,352
real,random_audit,contribution,technical_failure,uncertain,0,352
real,random_audit,contribution,technical_failure,technical_failure,1,352
real,high_risk,task,agreed,agreed,22,827
real,high_risk,task,agreed,abstained,0,827
real,high_risk,task,agreed,disagreement,12,827
real,high_risk,task,agreed,uncertain,5,827
real,high_risk,task,agreed,technical_failure,0,827
real,high_risk,task,abstained,agreed,4,827
real,high_risk,task,abstained,abstained,111,827
real,high_risk,task,abstained,disagreement,157,827
real,high_risk,task,abstained,uncertain,1,827
real,high_risk,task,abstained,technical_failure,0,827
real,high_risk,task,disagreement,agreed,46,827
real,high_risk,task,disagreement,abstained,52,827
real,high_risk,task,disagreement,disagreement,206,827
real,high_risk,task,disagreement,uncertain,21,827
real,high_risk,task,disagreement,technical_failure,4,827
real,high_risk,task,uncertain,agreed,17,827
real,high_risk,task,uncertain,abstained,7,827
real,high_risk,task,uncertain,disagreement,39,827
real,high_risk,task,uncertain,uncertain,37,827
real,high_risk,task,uncertain,technical_failure,0,827
real,high_risk,task,technical_failure,agreed,9,827
real,high_risk,task,technical_failure,abstained,3,827
real,high_risk,task,technical_failure,disagreement,68,827
real,high_risk,task,technical_failure,uncertain,0,827
real,high_risk,task,technical_failure,technical_failure,6,827
real,high_risk,contribution,agreed,agreed,31,827
real,high_risk,contribution,agreed,abstained,5,827
real,high_risk,contribution,agreed,disagreement,25,827
real,high_risk,contribution,agreed,uncertain,0,827
real,high_risk,contribution,agreed,technical_failure,0,827
real,high_risk,contribution,abstained,agreed,0,827
real,high_risk,contribution,abstained,abstained,321,827
real,high_risk,contribution,abstained,disagreement,2,827
real,high_risk,contribution,abstained,uncertain,0,827
real,high_risk,contribution,abstained,technical_failure,0,827
real,high_risk,contribution,disagreement,agreed,72,827
real,high_risk,contribution,disagreement,abstained,123,827
real,high_risk,contribution,disagreement,disagreement,155,827
real,high_risk,contribution,disagreement,uncertain,0,827
real,high_risk,contribution,disagreement,technical_failure,7,827
real,high_risk,contribution,uncertain,agreed,0,827
real,high_risk,contribution,uncertain,abstained,0,827
real,high_risk,contribution,uncertain,disagreement,0,827
real,high_risk,contribution,uncertain,uncertain,0,827
real,high_risk,contribution,uncertain,technical_failure,0,827
real,high_risk,contribution,technical_failure,agreed,29,827
real,high_risk,contribution,technical_failure,abstained,3,827
real,high_risk,contribution,technical_failure,disagreement,48,827
real,high_risk,contribution,technical_failure,uncertain,0,827
real,high_risk,contribution,technical_failure,technical_failure,6,827
