kind,term,task_level,contribution_level,count,paired_denominator,turn_denominator
real,all,1,1,2,48,3515
real,all,1,2,2,48,3515
real,all,1,3,0,48,3515
real,all,1,4,0,48,3515
real,all,1,5,0,48,3515
real,all,1,6,1,48,3515
real,all,2,1,2,48,3515
real,all,2,2,15,48,3515
real,all,2,3,0,48,3515
real,all,2,4,0,48,3515
real,all,2,5,1,48,3515
real,all,2,6,0,48,3515
real,all,3,1,1,48,3515
real,all,3,2,1,48,3515
real,all,3,3,4,48,3515
real,all,3,4,0,48,3515
real,all,3,5,0,48,3515
real,all,3,6,0,48,3515
real,all,4,1,1,48,3515
real,all,4,2,0,48,3515
real,all,4,3,0,48,3515
real,all,4,4,1,48,3515
real,all,4,5,0,48,3515
real,all,4,6,0,48,3515
real,all,5,1,0,48,3515
real,all,5,2,1,48,3515
real,all,5,3,0,48,3515
real,all,5,4,2,48,3515
real,all,5,5,0,48,3515
real,all,5,6,2,48,3515
real,all,6,1,1,48,3515
real,all,6,2,2,48,3515
real,all,6,3,0,48,3515
real,all,6,4,2,48,3515
real,all,6,5,0,48,3515
real,all,6,6,7,48,3515
real,25f,1,1,1,32,2509
real,25f,1,2,1,32,2509
real,25f,1,3,0,32,2509
real,25f,1,4,0,32,2509
real,25f,1,5,0,32,2509
real,25f,1,6,1,32,2509
real,25f,2,1,1,32,2509
real,25f,2,2,8,32,2509
real,25f,2,3,0,32,2509
real,25f,2,4,0,32,2509
real,25f,2,5,1,32,2509
real,25f,2,6,0,32,2509
real,25f,3,1,1,32,2509
real,25f,3,2,1,32,2509
real,25f,3,3,2,32,2509
real,25f,3,4,0,32,2509
real,25f,3,5,0,32,2509
real,25f,3,6,0,32,2509
real,25f,4,1,1,32,2509
real,25f,4,2,0,32,2509
real,25f,4,3,0,32,2509
real,25f,4,4,1,32,2509
real,25f,4,5,0,32,2509
real,25f,4,6,0,32,2509
real,25f,5,1,0,32,2509
real,25f,5,2,1,32,2509
real,25f,5,3,0,32,2509
real,25f,5,4,1,32,2509
real,25f,5,5,0,32,2509
real,25f,5,6,2,32,2509
real,25f,6,1,1,32,2509
real,25f,6,2,1,32,2509
real,25f,6,3,0,32,2509
real,25f,6,4,1,32,2509
real,25f,6,5,0,32,2509
real,25f,6,6,6,32,2509
real,26s,1,1,1,16,1006
real,26s,1,2,1,16,1006
real,26s,1,3,0,16,1006
real,26s,1,4,0,16,1006
real,26s,1,5,0,16,1006
real,26s,1,6,0,16,1006
real,26s,2,1,1,16,1006
real,26s,2,2,7,16,1006
real,26s,2,3,0,16,1006
real,26s,2,4,0,16,1006
real,26s,2,5,0,16,1006
real,26s,2,6,0,16,1006
real,26s,3,1,0,16,1006
real,26s,3,2,0,16,1006
real,26s,3,3,2,16,1006
real,26s,3,4,0,16,1006
real,26s,3,5,0,16,1006
real,26s,3,6,0,16,1006
real,26s,4,1,0,16,1006
real,26s,4,2,0,16,1006
real,26s,4,3,0,16,1006
real,26s,4,4,0,16,1006
real,26s,4,5,0,16,1006
real,26s,4,6,0,16,1006
real,26s,5,1,0,16,1006
real,26s,5,2,0,16,1006
real,26s,5,3,0,16,1006
real,26s,5,4,1,16,1006
real,26s,5,5,0,16,1006
real,26s,5,6,0,16,1006
real,26s,6,1,0,16,1006
real,26s,6,2,1,16,1006
real,26s,6,3,0,16,1006
real,26s,6,4,1,16,1006
real,26s,6,5,0,16,1006
real,26s,6,6,1,16,1006
