kind,term,dimension,level,count,candidate_denominator,turn_denominator,candidate_share,equal_student_candidate_share,student_candidate_denominator
real,all,task,1,264,1010,3515,0.2613861386138614,0.23922740804763282,356
real,all,task,2,564,1010,3515,0.5584158415841585,0.5851155320958692,356
real,all,task,3,25,1010,3515,0.024752475247524754,0.026075578603668492,356
real,all,task,4,52,1010,3515,0.05148514851485148,0.04532023843821597,356
real,all,task,5,12,1010,3515,0.011881188118811881,0.007732521847690386,356
real,all,task,6,93,1010,3515,0.09207920792079208,0.09652872096692322,356
real,all,contribution,1,67,776,3515,0.08634020618556701,0.1306450039032006,244
real,all,contribution,2,389,776,3515,0.5012886597938144,0.4943261709896233,244
real,all,contribution,3,46,776,3515,0.059278350515463915,0.05804847474929442,244
real,all,contribution,4,181,776,3515,0.23324742268041238,0.2019620206216156,244
real,all,contribution,5,37,776,3515,0.04768041237113402,0.04675297714714301,244
real,all,contribution,6,56,776,3515,0.07216494845360824,0.06826535258912309,244
real,25f,task,1,64,661,2509,0.09682299546142209,0.08934700189564002,257
real,25f,task,2,449,661,2509,0.6792738275340393,0.6937537710884014,257
real,25f,task,3,19,661,2509,0.028744326777609682,0.031126741827130933,257
real,25f,task,4,48,661,2509,0.07261724659606657,0.05956062959954011,257
real,25f,task,5,9,661,2509,0.01361573373676248,0.009143968871595331,257
real,25f,task,6,72,661,2509,0.10892586989409984,0.11706788671769217,257
real,25f,contribution,1,49,621,2509,0.07890499194847021,0.1125501253132832,190
real,25f,contribution,2,298,621,2509,0.47987117552334946,0.4836276588908168,190
real,25f,contribution,3,39,621,2509,0.06280193236714976,0.06089984576826682,190
real,25f,contribution,4,153,621,2509,0.2463768115942029,0.22395411605937918,190
real,25f,contribution,5,32,621,2509,0.05152979066022544,0.05340643274853801,190
real,25f,contribution,6,50,621,2509,0.08051529790660225,0.06556182121971595,190
real,26s,task,1,200,349,1006,0.5730659025787965,0.6283108866442201,99
real,26s,task,2,115,349,1006,0.32951289398280803,0.3030950530950531,99
real,26s,task,3,6,349,1006,0.017191977077363897,0.012962962962962963,99
real,26s,task,4,4,349,1006,0.011461318051575931,0.008352758352758352,99
real,26s,task,5,3,349,1006,0.008595988538681949,0.004068462401795735,99
real,26s,task,6,21,349,1006,0.06017191977077364,0.043209876543209874,99
real,26s,contribution,1,18,155,1006,0.11612903225806452,0.1943121693121693,54
real,26s,contribution,2,91,155,1006,0.5870967741935483,0.5319690839298683,54
real,26s,contribution,3,7,155,1006,0.04516129032258064,0.04801587301587301,54
real,26s,contribution,4,28,155,1006,0.18064516129032257,0.1245824255628177,54
real,26s,contribution,5,5,155,1006,0.03225806451612903,0.02334267040149393,54
real,26s,contribution,6,6,155,1006,0.03870967741935484,0.07777777777777778,54
