kind,term,label_error_fraction,scheme,weight_relative_change,candidate_students,missing_ctq_students,missing_tool_students,label_budget_min,label_budget_max,effective_changed_fraction_median,effective_changed_fraction_max,width_minimum,width_q25,width_median,width_mean,width_q75,width_maximum,within_term_pairs,stably_distinguishable_pairs,stable_pair_fraction
conditional,all,0,balanced,0,356,356,99,0,0,0.0,0.0,19.999999999999986,20.0,20.000000000000007,25.56179775280899,40.0,40.000000000000014,37747,6228,0.16499324449625136
conditional,all,0,balanced,0.1,356,356,99,0,0,0.0,0.0,23.40425531914893,24.20684309417711,24.331356281888894,30.185507614603033,44.897959183673464,45.36614645858343,37747,3651,0.09672291837761941
conditional,all,0,higher_order,0,356,356,99,0,0,0.0,0.0,19.999999999999993,20.0,20.0,21.390449438202246,25.0,25.000000000000014,37747,12575,0.3331390574085358
conditional,all,0,higher_order,0.1,356,356,99,0,0,0.0,0.0,23.404255319148934,24.134829390793385,24.136212172485887,25.59944003870375,28.947368421052637,29.974489795918366,37747,9638,0.25533154952711473
conditional,all,0,process,0,356,356,99,0,0,0.0,0.0,39.99999999999999,40.0,40.00000000000001,41.390449438202246,45.0,45.000000000000014,37747,0,0.0
conditional,all,0,process,0.1,356,356,99,0,0,0.0,0.0,44.89795918367346,45.14450811487423,45.18259481838056,46.6224587621231,50.0,50.46778464254193,37747,0,0.0
conditional,all,0.05,balanced,0,356,356,99,1,2,0.5,1.0,27.999999999999993,52.00000000000001,65.16666666666667,65.95576031334458,80.0,100.0,37747,0,0.0
conditional,all,0.05,balanced,0.1,356,356,99,1,2,0.5,1.0,32.7469418436035,56.61360368502003,68.10744297719086,68.9299300444446,83.01886792452831,100.0,37747,0,0.0
conditional,all,0.05,higher_order,0,356,356,99,1,2,0.5,1.0,29.999999999999993,51.5,65.75,70.70179068746485,95.00000000000001,100.0,37747,8,0.00021193737250642435
conditional,all,0.05,higher_order,0.1,356,356,99,1,2,0.5,1.0,33.755017509856714,54.05263157894736,68.18464873610695,72.56612827742305,95.8715596330275,100.0,37747,1,2.6492171563303043e-05
conditional,all,0.05,process,0,356,356,99,1,2,0.5,1.0,47.33333333333334,66.5,75.0,78.41483224952326,95.0,100.0,37747,0,0.0
conditional,all,0.05,process,0.1,356,356,99,1,2,0.5,1.0,51.93914805363712,69.54545454545456,77.27272727272728,80.5453325198303,95.87155963302753,100.0,37747,0,0.0
conditional,all,0.1,balanced,0,356,356,99,1,3,0.5,1.0,31.11111111111111,53.33333333333333,65.16666666666667,66.04975339891071,80.0,100.0,37747,0,0.0
conditional,all,0.1,balanced,0.1,356,356,99,1,3,0.5,1.0,36.08039497091981,57.14285714285714,68.10744297719086,69.01763230026798,83.01886792452831,100.0,37747,0,0.0
conditional,all,0.1,higher_order,0,356,356,99,1,3,0.5,1.0,31.111111111111114,51.5,65.75,70.80867631120441,95.00000000000001,100.0,37747,7,0.0001854452009431213
conditional,all,0.1,higher_order,0.1,356,356,99,1,3,0.5,1.0,34.81275222802667,54.05263157894736,68.18464873610695,72.66780872374936,95.8715596330275,100.0,37747,1,2.6492171563303043e-05
conditional,all,0.1,process,0,356,356,99,1,3,0.5,1.0,50.00000000000001,66.5,75.0,78.50324337023775,95.0,100.0,37747,0,0.0
conditional,all,0.1,process,0.1,356,356,99,1,3,0.5,1.0,54.40161130757573,69.54545454545456,77.27272727272728,80.62610022737428,95.87155963302753,100.0,37747,0,0.0
conditional,all,0.2,balanced,0,356,356,99,1,6,0.5,1.0,38.99999999999999,56.999999999999986,66.83333333333334,67.04849021141158,80.0,100.0,37747,0,0.0
conditional,all,0.2,balanced,0.1,356,356,99,1,6,0.5,1.0,42.52936708695155,59.88272453179214,69.61884753901559,69.95414933533645,83.01886792452831,100.0,37747,0,0.0
conditional,all,0.2,higher_order,0,356,356,99,1,6,0.5,1.0,39.25,55.08333333333334,65.75,71.96456781358467,95.00000000000001,100.0,37747,4,0.00010596868625321217
conditional,all,0.2,higher_order,0.1,356,356,99,1,6,0.5,1.0,42.11883337565835,57.6796992481203,68.28970696647085,73.76560122567034,95.8715596330275,100.0,37747,0,0.0
conditional,all,0.2,process,0,356,356,99,1,6,0.5,1.0,56.750000000000014,67.5,75.5,79.4434978255203,95.0,100.0,37747,0,0.0
conditional,all,0.2,process,0.1,356,356,99,1,6,0.5,1.0,60.48018619757192,70.43526988939512,77.80710518938763,81.48312539751379,95.87155963302753,100.0,37747,0,0.0
conditional,25f,0,balanced,0,257,257,0,0,0,0.0,0.0,19.999999999999986,20.0,20.000000000000004,20.0,20.000000000000007,20.000000000000014,32896,6228,0.1893239299610895
conditional,25f,0,balanced,0.1,257,257,0,0,0,0.0,0.0,23.40425531914893,24.20684309417711,24.20684309417711,24.45202454148756,24.589083111997077,27.330680164418062,32896,3651,0.11098613813229571
conditional,25f,0,higher_order,0,257,257,0,0,0,0.0,0.0,19.999999999999993,20.0,20.0,20.0,20.000000000000004,20.000000000000014,32896,12254,0.37250729571984437
conditional,25f,0,higher_order,0.1,257,257,0,0,0,0.0,0.0,23.404255319148934,23.750140082810688,24.136212172485887,24.203999945307373,24.177204075319896,26.918020107369827,32896,9436,0.28684338521400776
conditional,25f,0,process,0,257,257,0,0,0,0.0,0.0,39.99999999999999,40.0,40.0,40.0,40.00000000000001,40.000000000000014,32896,0,0.0
conditional,25f,0,process,0.1,257,257,0,0,0,0.0,0.0,44.89795918367346,44.93530900004576,45.18259481838056,45.25738315456921,45.23661642702402,47.30033565616759,32896,0,0.0
conditional,25f,0.05,balanced,0,257,257,0,1,2,0.5,1.0,27.999999999999993,50.0,60.0,63.184802573129424,80.0,80.0,32896,0,0.0
conditional,25f,0.05,balanced,0.1,257,257,0,1,2,0.5,1.0,32.7469418436035,53.07131564807206,62.760710200591376,66.43685649779128,83.01886792452831,83.01886792452831,32896,0,0.0
conditional,25f,0.05,higher_order,0,257,257,0,1,2,0.5,1.0,29.999999999999993,57.5,70.0,72.93848268031148,95.00000000000001,95.00000000000001,32896,8,0.00024319066147859923
conditional,25f,0.05,higher_order,0.1,257,257,0,1,2,0.5,1.0,33.755017509856714,59.7907544764008,71.58699123729663,74.76085454623784,95.8715596330275,95.8715596330275,32896,1,3.0398832684824903e-05
conditional,25f,0.05,process,0,257,257,0,1,2,0.5,1.0,47.33333333333334,67.5,76.66666666666666,79.46159143493773,95.0,95.0,32896,0,0.0
conditional,25f,0.05,process,0.1,257,257,0,1,2,0.5,1.0,51.93914805363712,70.43526988939512,78.78199101595317,81.5399592787823,95.87155963302753,95.87155963302753,32896,0,0.0
conditional,25f,0.1,balanced,0,257,257,0,1,3,0.5,1.0,31.11111111111111,50.0,60.0,63.233889672800174,80.0,80.0,32896,0,0.0
conditional,25f,0.1,balanced,0.1,257,257,0,1,3,0.5,1.0,36.08039497091981,53.07131564807206,62.760710200591376,66.48426087309024,83.01886792452831,83.01886792452831,32896,0,0.0
conditional,25f,0.1,higher_order,0,257,257,0,1,3,0.5,1.0,31.111111111111114,57.5,70.0,72.99984155489992,95.00000000000001,95.00000000000001,32896,7,0.00021279182879377432
conditional,25f,0.1,higher_order,0.1,257,257,0,1,3,0.5,1.0,34.81275222802667,59.7907544764008,71.58699123729663,74.82085924058669,95.8715596330275,95.8715596330275,32896,1,3.0398832684824903e-05
conditional,25f,0.1,process,0,257,257,0,1,3,0.5,1.0,50.00000000000001,67.5,76.66666666666666,79.50658794296928,95.0,95.0,32896,0,0.0
conditional,25f,0.1,process,0.1,257,257,0,1,3,0.5,1.0,54.40161130757573,70.43526988939512,78.78199101595317,81.58210499070373,95.87155963302753,95.87155963302753,32896,0,0.0
conditional,25f,0.2,balanced,0,257,257,0,1,6,0.5,1.0,38.99999999999999,50.0,60.0,63.90755310405116,80.0,80.0,32896,0,0.0
conditional,25f,0.2,balanced,0.1,257,257,0,1,6,0.5,1.0,42.52936708695155,53.28625991578657,62.87581699346405,67.134354079962,83.01886792452831,83.01886792452831,32896,0,0.0
conditional,25f,0.2,higher_order,0,257,257,0,1,6,0.5,1.0,39.25,57.50000000000001,70.0,73.7811260291805,95.00000000000001,95.00000000000001,32896,4,0.00012159533073929961
conditional,25f,0.2,higher_order,0.1,257,257,0,1,6,0.5,1.0,42.11883337565835,59.914302514821955,71.61839155094302,75.56851328964603,95.8715596330275,95.8715596330275,32896,0,0.0
conditional,25f,0.2,process,0,257,257,0,1,6,0.5,1.0,56.750000000000014,67.50000000000001,76.66666666666667,80.12615389366363,95.0,95.0,32896,0,0.0
conditional,25f,0.2,process,0.1,257,257,0,1,6,0.5,1.0,60.48018619757192,70.46291569123942,78.8408724414459,82.15384508398725,95.87155963302753,95.87155963302753,32896,0,0.0
conditional,26s,0,balanced,0,99,99,99,0,0,0.0,0.0,39.99999999999999,40.0,40.00000000000001,40.0,40.00000000000001,40.000000000000014,4851,0,0.0
conditional,26s,0,balanced,0.1,99,99,99,0,0,0.0,0.0,44.89795918367345,45.03658067000385,45.03658067000385,45.06939801652907,45.150060024009605,45.36614645858343,4851,0,0.0
conditional,26s,0,higher_order,0,99,99,99,0,0,0.0,0.0,24.999999999999993,25.0,25.0,25.0,25.000000000000004,25.000000000000014,4851,321,0.06617192331478046
conditional,26s,0,higher_order,0.1,99,99,99,0,0,0.0,0.0,28.94736842105263,29.106738809640927,29.106738809640927,29.221946139742833,29.366917293233087,29.974489795918366,4851,202,0.041640898783755924
conditional,26s,0,process,0,99,99,99,0,0,0.0,0.0,45.0,45.0,45.0,45.0,45.00000000000001,45.000000000000014,4851,0,0.0
conditional,26s,0,process,0.1,99,99,99,0,0,0.0,0.0,50.0,50.12987012987013,50.12987012987013,50.16613988476302,50.25595763459842,50.46778464254193,4851,0,0.0
conditional,26s,0.05,balanced,0,99,99,99,1,1,0.3333333333333333,1.0,47.692307692307686,60.50000000000001,70.66666666666667,73.14905464905465,77.83333333333334,100.0,4851,0,0.0
conditional,26s,0.05,balanced,0.1,99,99,99,1,1,0.3333333333333333,1.0,52.12878765439412,63.89776665383133,73.34566531014923,75.40184824131234,79.7352714670774,100.0,4851,0,0.0
conditional,26s,0.05,higher_order,0,99,99,99,1,1,0.3333333333333333,1.0,32.69230769230769,49.00000000000001,62.500000000000014,64.89542864542864,73.375,100.0,4851,0,0.0
conditional,26s,0.05,higher_order,0.1,99,99,99,1,1,0.3333333333333333,1.0,36.496818970503185,52.08042302016723,65.31632653061224,66.8687075593887,74.88950684270813,100.0,4851,0,0.0
conditional,26s,0.05,process,0,99,99,99,1,1,0.3333333333333333,1.0,51.923076923076934,64.41666666666667,73.66666666666667,75.6974876974877,79.75000000000001,100.0,4851,0,0.0
conditional,26s,0.05,process,0.1,99,99,99,1,1,0.3333333333333333,1.0,56.475857475857474,67.8138528138528,76.21212121212122,77.96332164053062,81.5909090909091,100.0,4851,0,0.0
conditional,26s,0.1,balanced,0,99,99,99,1,2,0.3333333333333333,1.0,51.5,60.50000000000001,70.66666666666667,73.35962185962185,77.83333333333334,100.0,4851,0,0.0
conditional,26s,0.1,balanced,0.1,99,99,99,1,2,0.3333333333333333,1.0,55.63246053138236,63.89776665383133,73.34566531014923,75.5941621667799,79.7352714670774,100.0,4851,0,0.0
conditional,26s,0.1,higher_order,0,99,99,99,1,2,0.3333333333333333,1.0,37.0,49.00000000000001,62.500000000000014,65.12049987049986,73.375,100.0,4851,0,0.0
conditional,26s,0.1,higher_order,0.1,99,99,99,1,2,0.3333333333333333,1.0,40.51500245941958,52.08042302016723,65.31632653061224,67.0785765739798,74.88950684270813,100.0,4851,0,0.0
conditional,26s,0.1,process,0,99,99,99,1,2,0.3333333333333333,1.0,55.75,64.41666666666667,73.66666666666667,75.8986013986014,79.75000000000001,100.0,4851,0,0.0
conditional,26s,0.1,process,0.1,99,99,99,1,2,0.3333333333333333,1.0,59.93506493506494,67.8138528138528,76.21212121212122,78.14435048822614,81.5909090909091,100.0,4851,0,0.0
conditional,26s,0.2,balanced,0,99,99,99,1,3,0.3333333333333333,1.0,54.0,63.75000000000001,72.0,75.20223603556937,77.83333333333334,100.0,4851,0,0.0
conditional,26s,0.2,balanced,0.1,99,99,99,1,3,0.3333333333333333,1.0,57.75510204081632,66.85824707241386,74.28571428571429,77.27422388716718,79.7352714670774,100.0,4851,0,0.0
conditional,26s,0.2,higher_order,0,99,99,99,1,3,0.3333333333333333,1.0,41.5,53.09722222222223,64.0,67.24885608218942,73.375,100.0,4851,0,0.0
conditional,26s,0.2,higher_order,0.1,99,99,99,1,3,0.3333333333333333,1.0,44.578947368421055,55.73097463284378,65.89473684210526,69.08531435252131,74.88950684270813,100.0,4851,0,0.0
conditional,26s,0.2,process,0,99,99,99,1,3,0.3333333333333333,1.0,58.50000000000001,66.875,75.0,77.67135025468359,79.75000000000001,100.0,4851,0,0.0
conditional,26s,0.2,process,0.1,99,99,99,1,3,0.3333333333333333,1.0,62.27272727272728,69.96753246753246,77.27272727272728,79.74196419121397,81.5909090909091,100.0,4851,0,0.0
