replicate,estimate,error,covered,width
0,0.4741721459899086,0.024172145989908578,True,0.1445463232497507
1,0.41395921643752076,-0.03604078356247925,True,0.15455967724644315
2,0.4740370311993361,0.02403703119933609,True,0.145979867784587
3,0.4790199685322861,0.02901996853228611,True,0.1580609146092744
4,0.4097811120478701,-0.04021888795212991,True,0.14595109684458119
5,0.4255383057629303,-0.02446169423706973,True,0.14321443979612458
6,0.4379099642758176,-0.012090035724182435,True,0.15112973690846926
7,0.46169917698522067,0.01169917698522066,True,0.15995135904421764
8,0.45331883362662095,0.003318833626620943,True,0.11770478970328252
9,0.4331195445165054,-0.016880455483494594,True,0.1581164301640713
10,0.4186506870216183,-0.03134931297838173,True,0.14534893588803333
11,0.4161738457446692,-0.03382615425533081,True,0.1588635460704365
12,0.485464682112479,0.035464682112478996,True,0.15092094906792053
13,0.45759908118269105,0.0075990811826910365,True,0.15853018454159173
14,0.4658385748191175,0.01583857481911749,True,0.1349059464228901
15,0.426827664449423,-0.023172335550577017,True,0.15851957464602195
16,0.4326906002788712,-0.017309399721128826,True,0.15846803869192055
17,0.41695537400909266,-0.03304462599090735,True,0.14586561499870898
18,0.3934498150340443,-0.05655018496595571,True,0.14854685182458005
19,0.4232105567436425,-0.026789443256357515,True,0.16097715963943426
20,0.49941466100492915,0.04941466100492914,True,0.16353019701572963
21,0.4768193423838992,0.026819342383899214,True,0.14652928925346287
22,0.47192238403005304,0.021922384030053033,True,0.14846445029276545
23,0.4262310445825941,-0.023768955417405924,True,0.15329155354460267
24,0.5105753740800414,0.06057537408004138,True,0.15386857033823165
25,0.4950081144708095,0.04500811447080949,True,0.14434391059851936
26,0.4607856310256405,0.010785631025640507,True,0.16282214648961962
27,0.4597407329590389,0.009740732959038878,True,0.1465615900284002
28,0.4756970932426744,0.025697093242674385,True,0.15844730172673044
29,0.4538185620526711,0.003818562052671115,True,0.15379903823864827
30,0.5050602503372286,0.055060250337228556,True,0.12872635070114935
31,0.4788170383701943,0.02881703837019428,True,0.13517224009582351
32,0.46394135349675436,0.01394135349675435,True,0.14373482888553307
33,0.47441513772078914,0.024415137720789126,True,0.1435109229321478
34,0.42875374362461094,-0.021246256375389072,True,0.14475877249909708
35,0.4646208990450026,0.014620899045002578,True,0.15311385076729933
36,0.4774550421885281,0.027455042188528067,True,0.18680702811304806
37,0.45116595504445894,0.0011659550444589328,True,0.16419383007825628
38,0.4889502968550763,0.03895029685507628,True,0.14907964029471915
39,0.48201695482115076,0.032016954821150745,True,0.14870762414927935
40,0.3856127162946436,-0.0643872837053564,True,0.13855668283813072
41,0.515825014783456,0.06582501478345598,True,0.15725120134663984
42,0.4837586629099099,0.033758662909909865,True,0.12765781857218061
43,0.4084959235011002,-0.04150407649889981,True,0.13390331991817017
44,0.44363747400159975,-0.006362525998400259,True,0.1624368379607643
45,0.4370414728289008,-0.012958527171099188,True,0.17519260623720018
46,0.4192371101886217,-0.030762889811378313,True,0.14591371628565175
47,0.45622177551293,0.006221775512929961,True,0.16927596285730795
48,0.4697836205841309,0.019783620584130912,True,0.13849368790208327
49,0.4705171444071876,0.020517144407187604,True,0.1346910312902374
50,0.42269184696145673,-0.02730815303854328,True,0.13326851952220986
51,0.43490237259100895,-0.015097627408991066,True,0.15251824220526072
52,0.5079408476127659,0.05794084761276591,True,0.1353678816694257
53,0.47128850640600867,0.021288506406008656,True,0.1473497882454658
54,0.443830270023968,-0.00616972997603199,True,0.1264254107984475
55,0.45131276645403917,0.0013127664540391604,True,0.16657532113201295
56,0.4452019929110375,-0.004798007088962497,True,0.16681127302776166
57,0.39905069474319743,-0.05094930525680258,True,0.1476389094475552
58,0.44989223187746996,-0.00010776812253004975,True,0.14805903063664205
59,0.4367028803657294,-0.013297119634270604,True,0.13284724384230556
60,0.43181627304580406,-0.018183726954195956,True,0.12981620702076657
61,0.44203363352192515,-0.00796636647807486,True,0.13266793762269513
62,0.45427866305249887,0.0042786630524988545,True,0.1295248681612886
63,0.4950068732389015,0.04500687323890151,True,0.16761050629955482
64,0.4334713364755338,-0.01652866352446619,True,0.1617811909405631
65,0.41720955551198774,-0.03279044448801227,True,0.15577758604285008
66,0.4661000884305946,0.016100088430594572,True,0.17220715909670603
67,0.4348531401852588,-0.015146859814741231,True,0.14924691575633076
68,0.44702546741277294,-0.0029745325872270745,True,0.13805885395910306
69,0.45632056801275,0.006320568012749994,True,0.13874576303677588
70,0.44916621227465703,-0.0008337877253429826,True,0.14239790195942498
71,0.4455942659112261,-0.004405734088773927,True,0.1483038659491382
72,0.4466836444726053,-0.003316355527394732,True,0.13855109658411086
73,0.4279505307511268,-0.022049469248873188,True,0.14064216637601656
74,0.46065871242018297,0.010658712420182959,True,0.1512266718272095
75,0.4826328657815348,0.03263286578153479,True,0.12634386954180588
76,0.5379922709084086,0.08799227090840861,False,0.17592282370041334
77,0.4220902062910476,-0.027909793708952413,True,0.16535096099785934
78,0.418342291245101,-0.03165770875489904,True,0.1254048569479561
79,0.43282715822958273,-0.01717284177041728,True,0.16345147403258636
80,0.4283376477674117,-0.021662352232588333,True,0.15597112521601098
81,0.40440338028700984,-0.04559661971299017,True,0.15258418604685176
82,0.4803897172544407,0.030389717254440674,True,0.15810461825376826
83,0.4749498823853205,0.024949882385320477,True,0.14519682547818064
84,0.38321769101888514,-0.06678230898111487,True,0.14532858069313126
85,0.5088648811732217,0.058864881173221695,True,0.15595444878127163
86,0.45009167273789125,9.16727378912352e-05,True,0.1472847585024129
87,0.4514044185168067,0.0014044185168066714,True,0.14104734450883694
88,0.4589471321428611,0.00894713214286108,True,0.14238334928391838
89,0.4092491029138796,-0.0407508970861204,True,0.17202640460157348
90,0.4741665926023562,0.024166592602356207,True,0.166313479180705
91,0.3948681835693427,-0.05513181643065729,True,0.1493355804164097
92,0.37932728615399114,-0.07067271384600887,True,0.1463694839750027
93,0.459919314887708,0.009919314887707975,True,0.15600646984350658
94,0.4562723021996529,0.006272302199652913,True,0.14897232143218864
95,0.4761214278431233,0.026121427843123268,True,0.1519225011709482
96,0.40402540581520413,-0.04597459418479588,True,0.16396984408350612
97,0.4623519302575944,0.012351930257594401,True,0.13036243012795007
98,0.43925282576127916,-0.010747174238720847,True,0.14614191020808792
99,0.4322945899530461,-0.017705410046953918,True,0.15605600155106963
100,0.5285866178778337,0.07858661787783366,False,0.1418799998950293
101,0.41115195019857104,-0.038848049801428974,True,0.14932275132527673
102,0.4629528732940558,0.012952873294055811,True,0.1467279574478274
103,0.42100854546147537,-0.02899145453852464,True,0.16593702814242373
104,0.5042723663335028,0.0542723663335028,True,0.1512218458138055
105,0.4552926355620225,0.005292635562022474,True,0.1532451158700816
106,0.4858334764871361,0.035833476487136084,True,0.12666311763761723
107,0.36230307212017465,-0.08769692787982536,False,0.12141724288429301
108,0.5167064950491151,0.06670649504911513,False,0.12124565827457906
109,0.4823628994268904,0.03236289942689041,True,0.15164298549226501
110,0.4899200608738451,0.03992006087384509,True,0.1486039199395079
111,0.4972699598460575,0.047269959846057474,True,0.1453608953841219
112,0.4072135208574318,-0.04278647914256822,True,0.12491137175912814
113,0.4648611010690671,0.014861101069067073,True,0.14538440446664458
114,0.41041695126280586,-0.03958304873719415,True,0.143111900877278
115,0.4403736174201114,-0.009626382579888626,True,0.13402485558910465
116,0.5323633131126357,0.08236331311263573,False,0.1383984338291795
117,0.4182854911128271,-0.03171450888717292,True,0.15348951940158873
118,0.43024878460406546,-0.01975121539593455,True,0.15037535844210786
119,0.4296465049139671,-0.020353495086032902,True,0.16090402063084597
120,0.4769475037486396,0.02694750374863958,True,0.1565873437039524
121,0.4984680780029015,0.04846807800290148,True,0.1421045961064597
122,0.4020515199052682,-0.047948480094731794,True,0.17198054432479482
123,0.42106038041292404,-0.02893961958707597,True,0.14855104350260395
124,0.4512864642625919,0.0012864642625918798,True,0.13571240187239586
125,0.4766026119487625,0.02660261194876251,True,0.13799571770515473
126,0.42172280882147,-0.028277191178530003,True,0.149402182121957
127,0.4898378933161368,0.039837893316136797,True,0.14609177766912151
128,0.46945718112588913,0.019457181125889123,True,0.13350310796263104
129,0.43568273186032885,-0.014317268139671158,True,0.14534444785652634
130,0.40239450507962565,-0.04760549492037436,True,0.15209042870115297
131,0.507452649109413,0.057452649109413,True,0.14102390060525177
132,0.4495474726386954,-0.0004525273613046332,True,0.1594947844735552
133,0.45818776128660077,0.008187761286600759,True,0.14304302427653504
134,0.5767073670495283,0.12670736704952829,False,0.17243730702939786
135,0.4462384470007825,-0.003761552999217488,True,0.1416021067444877
136,0.5430453006876269,0.0930453006876269,False,0.14467416681204126
137,0.4107468412887131,-0.03925315871128693,True,0.13422472354472237
138,0.5174105518381256,0.06741055183812555,True,0.15188256703116948
139,0.4992099055843543,0.049209905584354285,True,0.13508400851578206
140,0.45957456914027417,0.009574569140274158,True,0.1316168449908781
141,0.4416367192184324,-0.008363280781567617,True,0.16487328007405777
142,0.46895028268040245,0.01895028268040244,True,0.16777578074461086
143,0.37930910541480145,-0.07069089458519856,False,0.13664198496450686
144,0.43069749114623385,-0.019302508853766165,True,0.16834525737274408
145,0.5006327612376023,0.05063276123760224,True,0.1417807798476573
146,0.4486573383764451,-0.0013426616235548972,True,0.15552409753917307
147,0.42772999449295007,-0.02227000550704994,True,0.12696129049190652
148,0.5112846321717925,0.06128463217179253,True,0.14691418264293699
149,0.45903276025497836,0.009032760254978345,True,0.14097525815435918
150,0.45832025315456126,0.008320253154561252,True,0.16088910446703664
151,0.5116135309093249,0.06161353090932492,True,0.16895416238121252
152,0.4352959362047121,-0.014704063795287936,True,0.14545862098858864
153,0.4694416666743878,0.019441666674387792,True,0.17632805724342937
154,0.45737438717070883,0.007374387170708818,True,0.1644631686308885
155,0.3896636720923804,-0.060336327907619614,True,0.13224155609824007
156,0.427739683783093,-0.022260316216906995,True,0.16599219219827255
157,0.4759422958719192,0.025942295871919208,True,0.16480524019196074
158,0.5000760835925806,0.05007608359258059,True,0.1159572268002429
159,0.40250477703891085,-0.047495222961089156,True,0.15055149329634365
160,0.4362395643570917,-0.013760435642908297,True,0.14182639084452642
161,0.44554995883212417,-0.00445004116787584,True,0.1495652659275465
162,0.4368707632156544,-0.013129236784345633,True,0.13687750280509026
163,0.3925368098949415,-0.057463190105058515,True,0.1454556684491619
164,0.38892070948412194,-0.06107929051587807,True,0.16491659090007293
165,0.41568934276763875,-0.034310657232361264,True,0.13826104621719182
166,0.4381432381825587,-0.01185676181744133,True,0.15466102334413512
167,0.44711065015511997,-0.0028893498448800403,True,0.14784843618398535
168,0.4780805447694613,0.028080544769461313,True,0.16257928010313882
169,0.49588892393439,0.04588892393438998,True,0.14333552957939588
170,0.4492646652457037,-0.000735334754296324,True,0.14641790566191576
171,0.41393629320274206,-0.036063706797257955,True,0.14610569879082858
172,0.4566379131314344,0.006637913131434414,True,0.1673208761451015
173,0.4310383761087658,-0.018961623891234236,True,0.1405563685422605
174,0.44548619221710695,-0.0045138077828930645,True,0.1472879753731618
175,0.4088634356914757,-0.041136564308524304,True,0.16571849728183619
176,0.4708167499586303,0.02081674995863031,True,0.15523494739825683
177,0.4316893642437789,-0.018310635756221105,True,0.12428230867353451
178,0.47417629585515664,0.024176295855156626,True,0.16007564384528772
179,0.5356991903436095,0.08569919034360945,False,0.13661107724485055
180,0.3902655653231436,-0.05973443467685641,True,0.15925460459051988
181,0.4751419229044729,0.02514192290447287,True,0.14905551510669945
182,0.47509871074399,0.025098710743990005,True,0.16482352723976473
183,0.4260247858374465,-0.023975214162553493,True,0.14199078467278503
184,0.4390985348188355,-0.010901465181164527,True,0.13239691929924374
185,0.3990080999209045,-0.05099190007909549,True,0.12541534209932526
186,0.45227763072010835,0.0022776307201083368,True,0.15961941858961964
187,0.40927130965685354,-0.04072869034314647,True,0.16579980545169437
188,0.404875586559048,-0.04512441344095203,True,0.13258016434358055
189,0.48373977840317356,0.03373977840317355,True,0.13628314342898362
190,0.47803662150328075,0.028036621503280734,True,0.1437240656551948
191,0.428408266142635,-0.021591733857365014,True,0.15822484560154831
192,0.3728105357398805,-0.07718946426011952,False,0.1421035464529028
193,0.4500520846927439,5.2084692743870065e-05,True,0.14691131413416303
194,0.47896512382261147,0.02896512382261146,True,0.16177576145214023
195,0.4591868188923835,0.009186818892383486,True,0.16041111527239693
196,0.4930427137802582,0.0430427137802582,True,0.15803780819492008
197,0.42453059148457095,-0.02546940851542906,True,0.16155439569397645
198,0.44197272086072353,-0.008027279139276478,True,0.1622238037902149
199,0.4202942417008294,-0.029705758299170604,True,0.16407747969037012
200,0.503306531306723,0.05330653130672297,True,0.14228254319039796
201,0.37811711679827115,-0.07188288320172886,True,0.15746219679320816
202,0.4308883132780037,-0.019111686721996313,True,0.16096207473697083
203,0.4667367046704466,0.01673670467044658,True,0.12930912890089075
204,0.4573166508661898,0.007316650866189767,True,0.14198220405264173
205,0.3755488711976168,-0.07445112880238319,True,0.15241126472104116
206,0.47877593528296436,0.02877593528296435,True,0.13717400750151332
207,0.4726455713184088,0.022645571318408775,True,0.13579410763706945
208,0.45190024097836157,0.001900240978361556,True,0.17577855623504118
209,0.4284081318734373,-0.02159186812656272,True,0.1452729925368108
210,0.39613452337830946,-0.053865476621690556,True,0.12187785419663133
211,0.4534159602304041,0.0034159602304040804,True,0.1654406859999043
212,0.4335090080044832,-0.01649099199551679,True,0.15227787529589332
213,0.4369770903813467,-0.013022909618653322,True,0.1516324502554205
214,0.47601698652616475,0.026016986526164743,True,0.16892389736691116
215,0.4558830484887997,0.005883048488799669,True,0.15640191426446076
216,0.4032031158930073,-0.04679688410699273,True,0.1518152588977364
217,0.48232266918136074,0.03232266918136073,True,0.1429946919812613
218,0.4723057538471926,0.022305753847192578,True,0.14967932680268697
219,0.41336958608138463,-0.03663041391861538,True,0.15737154577155887
220,0.5139741383942902,0.06397413839429017,True,0.1564199881285231
221,0.4816180488466438,0.031618048846643765,True,0.15634574175804639
222,0.41961099275982394,-0.03038900724017607,True,0.1505245808881175
223,0.40970297758191904,-0.040297022418080974,True,0.14070492899336118
224,0.40700046044913574,-0.042999539550864274,True,0.15179926156361512
225,0.38952860288995106,-0.06047139711004895,True,0.14630961712521595
226,0.3870106994162641,-0.06298930058373592,True,0.13637860580499916
227,0.4773028576863674,0.027302857686367366,True,0.13802979190921816
228,0.4471181480274499,-0.002881851972550087,True,0.1268592081958861
229,0.49347633866388074,0.04347633866388073,True,0.16347659020988892
230,0.37957007172595747,-0.07042992827404254,True,0.14533196524420455
231,0.45703259517334793,0.007032595173347922,True,0.16895025299073652
232,0.42110464029945816,-0.028895359700541856,True,0.14440807511452747
233,0.4792178272112506,0.029217827211250602,True,0.1350525999971059
234,0.4923878747261197,0.04238787472611971,True,0.12369361153571695
235,0.4251761753727972,-0.024823824627202784,True,0.150181865048221
236,0.48969278934979465,0.039692789349794644,True,0.15403784503651474
237,0.440053466262154,-0.009946533737845986,True,0.16187149431752856
238,0.4149574989865047,-0.03504250101349532,True,0.1413674719353687
239,0.4073743248521219,-0.04262567514787813,True,0.14259442367812136
240,0.4192233479313196,-0.03077665206868041,True,0.13873920211914836
241,0.4917555209545517,0.041755520954551706,True,0.15430254401288168
242,0.421152346698509,-0.028847653301491027,True,0.15397913618853576
243,0.4436304132683076,-0.0063695867316924115,True,0.15804170204757967
244,0.43505649738382385,-0.014943502616176163,True,0.1391361920825388
245,0.4463251080489002,-0.0036748919510998235,True,0.15322076443768579
246,0.45341417565111664,0.0034141756511166244,True,0.14767784337716727
247,0.45870051229534886,0.00870051229534885,True,0.15329350422633092
248,0.4928196608941195,0.04281966089411948,True,0.13901376917484332
249,0.5101266832692726,0.06012668326927256,True,0.14996414088566046
250,0.43615680806625773,-0.013843191933742283,True,0.1309744646180674
251,0.49023988152457465,0.04023988152457464,True,0.14718579567478135
252,0.4450309891984295,-0.004969010801570528,True,0.1489568087297249
253,0.45562269613569356,0.00562269613569355,True,0.17031732593697552
254,0.47461002691335613,0.02461002691335612,True,0.15929124158108288
255,0.4814327226329643,0.031432722632964316,True,0.15373369598957165
256,0.39911071441818585,-0.05088928558181416,True,0.13833854148201918
257,0.45808537242559294,0.00808537242559293,True,0.1549236711498006
258,0.48394471533352296,0.033944715333522946,True,0.15112606330806966
259,0.47915196130423277,0.029151961304232754,True,0.15266646393963929
260,0.4820859936051072,0.032085993605107166,True,0.15066041595945473
261,0.4268856119120983,-0.023114388087901727,True,0.1500348763622945
262,0.42154083642342216,-0.02845916357657785,True,0.14731260163410953
263,0.49149891246286803,0.04149891246286802,True,0.15442291970895378
264,0.4569920715623093,0.006992071562309299,True,0.13272817485054544
265,0.45241026754312397,0.002410267543123956,True,0.13990868645497434
266,0.4103870645858674,-0.03961293541413263,True,0.17082517786685436
267,0.4443200118721929,-0.005679988127807123,True,0.14346386743882433
268,0.395501140592376,-0.054498859407624,True,0.13414375581012106
269,0.4832575804596938,0.03325758045969379,True,0.1446591177867873
270,0.44837056802885245,-0.0016294319711475658,True,0.14179311686925083
271,0.45797808122666106,0.007978081226661049,True,0.11639957650424093
272,0.5002210617717279,0.05022106177172786,True,0.1299140353907393
273,0.4894692949319604,0.039469294931960386,True,0.16125521579082946
274,0.4946049442584165,0.04460494425841649,True,0.1414849137308562
275,0.49533144824600833,0.04533144824600832,True,0.15054616992356185
276,0.43468538418095654,-0.015314615819043476,True,0.17360679868476925
277,0.41698603221921765,-0.03301396778078236,True,0.1471811146843005
278,0.4704935967360581,0.020493596736058106,True,0.1319457352480432
279,0.4752208198030108,0.025220819803010774,True,0.15142387468078922
280,0.5397472710825741,0.08974727108257413,False,0.12372836882766708
281,0.46762337585247443,0.01762337585247442,True,0.14077496494010344
282,0.4067791870239541,-0.04322081297604591,True,0.15594890726913258
283,0.364181472895096,-0.08581852710490401,False,0.1380173835493782
284,0.49075605263247163,0.04075605263247162,True,0.14636408273056511
285,0.42333061165549635,-0.026669388344503664,True,0.14852533584850602
286,0.4580529460350642,0.008052946035064179,True,0.16096869113207052
287,0.43370450688070694,-0.01629549311929307,True,0.16102732735599118
288,0.4222116378284714,-0.027788362171528636,True,0.15006913780252262
289,0.409736874972967,-0.040263125027033,True,0.1594723934656127
290,0.5026421246894992,0.05264212468949919,True,0.15870808209486875
291,0.4024573152311515,-0.04754268476884849,True,0.15601629915425164
292,0.4894584476983735,0.03945844769837348,True,0.14307244111634704
293,0.4660541835657518,0.01605418356575178,True,0.16080220581421584
294,0.4355555766572851,-0.014444423342714896,True,0.12995073859667794
295,0.5102618166516389,0.06026181665163893,True,0.1758105855328922
296,0.4716884251962194,0.021688425196219385,True,0.1481436025502617
297,0.4898920570630956,0.039892057063095565,True,0.14976816103207607
298,0.46065595854128505,0.010655958541285038,True,0.13792020673938143
299,0.3993280931544995,-0.05067190684550049,True,0.15104888733507404
300,0.42793682448255455,-0.022063175517445466,True,0.15882241066948777
301,0.46690824517904805,0.016908245179048043,True,0.1211142206751652
302,0.42896022601339145,-0.021039773986608556,True,0.1716043895355464
303,0.4229285078888337,-0.02707149211116633,True,0.1386097301520628
304,0.43457866503576215,-0.015421334964237865,True,0.12467321628039474
305,0.4661559744903998,0.016155974490399794,True,0.15606955505324022
306,0.4316217590502989,-0.018378240949701086,True,0.15843925407364956
307,0.4352705532039502,-0.014729446796049817,True,0.14492550309959917
308,0.42547857556577795,-0.02452142443422206,True,0.16293478703076447
309,0.4164008751073025,-0.03359912489269751,True,0.15432365106931634
310,0.39578736955736177,-0.05421263044263824,True,0.14046286391001805
311,0.5308658504266244,0.08086585042662436,False,0.16116837150316443
312,0.4242558937308806,-0.025744106269119438,True,0.16975435215904805
313,0.5053052138319092,0.05530521383190917,True,0.1471391989413
314,0.46597887580727565,0.01597887580727564,True,0.14220500066010022
315,0.42763134675471737,-0.022368653245282644,True,0.17699530198442037
316,0.4088221540155491,-0.0411778459844509,True,0.1388514263259676
317,0.47199346609625703,0.02199346609625702,True,0.13118497530745787
318,0.4784870649308298,0.02848706493082981,True,0.11543062096360135
319,0.47956939261739184,0.029569392617391832,True,0.130632548896914
320,0.3988618001713674,-0.0511381998286326,True,0.15065586185663393
321,0.4549292921756636,0.004929292175663569,True,0.15273267563249293
322,0.4268145613896925,-0.02318543861030753,True,0.13654145202615908
323,0.4501029417128978,0.00010294171289776388,True,0.11732811401253701
324,0.4590187910905611,0.009018791090561085,True,0.14524777056154603
325,0.47882971421959236,0.02882971421959235,True,0.13576265437419843
326,0.4463854604156574,-0.003614539584342602,True,0.16523301989732753
327,0.47915550951199415,0.029155509511994138,True,0.15013996813618163
328,0.42670026379838155,-0.02329973620161846,True,0.166003625418835
329,0.44108808702865476,-0.008911912971345248,True,0.13809813512576818
330,0.49197745399228954,0.041977453992289526,True,0.143828062962835
331,0.42390551296537293,-0.02609448703462708,True,0.15282475044296628
332,0.47797442852092387,0.027974428520923855,True,0.1570398226638044
333,0.4860739003185621,0.03607390031856211,True,0.15396131243719852
334,0.4052839276046458,-0.04471607239535419,True,0.14311537027204668
335,0.45010546070166746,0.00010546070166744803,True,0.17409944214651157
336,0.4763819885606293,0.026381988560629288,True,0.13726539773683438
337,0.467915845405034,0.017915845405033992,True,0.15243839163567052
338,0.3939767078008827,-0.056023292199117336,True,0.15479224359794963
339,0.40104382452890935,-0.04895617547109066,True,0.14106422496164284
340,0.43798091531191075,-0.012019084688089265,True,0.14972804713972554
341,0.46500589331950387,0.01500589331950386,True,0.13916334381217232
342,0.427882625108683,-0.022117374891316988,True,0.1482406974960222
343,0.5333821680813101,0.0833821680813101,False,0.14871189818172298
344,0.41647142829930195,-0.03352857170069806,True,0.12665518884246696
345,0.4187017579222918,-0.031298242077708205,True,0.15927861410546007
346,0.42811856581022917,-0.021881434189770843,True,0.14526514076007974
347,0.528322352751378,0.07832235275137794,False,0.15398709601384025
348,0.4841374085878714,0.0341374085878714,True,0.13387896020296858
349,0.43732914194321126,-0.012670858056788747,True,0.1437365451730413
350,0.4701337332000953,0.020133733200095316,True,0.1505547561733398
351,0.4337013548362189,-0.0162986451637811,True,0.12509264351186633
352,0.4202581649562921,-0.02974183504370792,True,0.162982310015866
353,0.3802113903827626,-0.06978860961723743,False,0.1232757909576162
354,0.4952514289081397,0.04525142890813971,True,0.14792954246113565
355,0.4599299193936665,0.009929919393666498,True,0.15259328140116246
356,0.42830492804806297,-0.02169507195193704,True,0.14735106050600627
357,0.39019292002366185,-0.05980707997633816,True,0.1352721865743457
358,0.4523543328689732,0.0023543328689731857,True,0.15346159983925745
359,0.4923040180436502,0.04230401804365019,True,0.1446379144810226
360,0.4136747551145086,-0.03632524488549144,True,0.14832052265724183
361,0.47050389077402555,0.020503890774025535,True,0.15198632493093595
362,0.4630581029073258,0.013058102907325786,True,0.1551169999172629
363,0.43883123536545565,-0.01116876463454436,True,0.1569539728182101
364,0.4144983448395325,-0.035501655160467493,True,0.14800366526700826
365,0.4010488970687521,-0.048951102931247936,True,0.1524270925234409
366,0.451030218695474,0.0010302186954739834,True,0.14327632894052833
367,0.4227407531539271,-0.027259246846072893,True,0.13951577803935933
368,0.45057191145478337,0.0005719114547833581,True,0.12905161720331182
369,0.4239266736578363,-0.026073326342163694,True,0.15068449207845558
370,0.42572712041508887,-0.024272879584911145,True,0.14375670960041065
371,0.5316362212367193,0.08163622123671926,False,0.11856137520200005
372,0.36931889838740833,-0.08068110161259168,False,0.1351044128180282
373,0.4544738182158069,0.004473818215806891,True,0.16172471646722864
374,0.34782375763431567,-0.10217624236568434,False,0.154273607282147
375,0.45432224181885145,0.0043222418188514355,True,0.13545919826211034
376,0.3591159528031377,-0.09088404719686233,False,0.12435908252385486
377,0.4449492607094293,-0.005050739290570705,True,0.15605733864065385
378,0.4754747196097532,0.02547471960975317,True,0.13963453723330543
379,0.48791236043706976,0.03791236043706975,True,0.13806601019545606
380,0.42929966192414637,-0.02070033807585364,True,0.146164338575556
381,0.4388429996027419,-0.011157000397258088,True,0.14957237837656645
382,0.43743433540173937,-0.01256566459826064,True,0.14175798216686974
383,0.43822645749869693,-0.01177354250130308,True,0.14462356491731532
384,0.3965534254151938,-0.05344657458480623,True,0.14221793454793674
385,0.39702631535242516,-0.05297368464757485,True,0.13330617989006033
386,0.49391233355871755,0.04391233355871754,True,0.13501347193827157
387,0.46584772772760497,0.015847727727604954,True,0.1620868199113894
388,0.4251743578600981,-0.024825642139901904,True,0.14419420253706117
389,0.500610675812478,0.05061067581247797,True,0.12485960705376337
390,0.36488451152329243,-0.08511548847670758,False,0.16400150219450627
391,0.44470933103554167,-0.005290668964458345,True,0.15698785848926639
392,0.438971706914557,-0.011028293085443008,True,0.15366988529086134
393,0.4637684191316159,0.013768419131615917,True,0.14810969100683846
394,0.4392937562067992,-0.010706243793200787,True,0.14748270720042428
395,0.4513421794292588,0.001342179429258794,True,0.1638146616710459
396,0.37819792580060685,-0.07180207419939316,True,0.1562713794366568
397,0.39869672505548776,-0.051303274944512256,True,0.14250205573778818
398,0.37373909897790797,-0.07626090102209204,False,0.14618317309433693
399,0.44478679608378985,-0.005213203916210163,True,0.1509541846622932
400,0.4865645426253465,0.036564542625346474,True,0.14766942052689747
401,0.4229401680794329,-0.0270598319205671,True,0.1463106809778113
402,0.42523638434334987,-0.02476361565665014,True,0.16125315344256275
403,0.43653097471119173,-0.013469025288808278,True,0.12913098240974574
404,0.4463189934001919,-0.0036810065998081343,True,0.1436099994977113
405,0.46203452971859466,0.012034529718594644,True,0.1458572629553453
406,0.3810742715670692,-0.06892572843293082,True,0.14964281033767357
407,0.3976346587687948,-0.05236534123120523,True,0.13764072361775503
408,0.44896831345792404,-0.0010316865420759713,True,0.16178817725718103
409,0.5144717774192877,0.06447177741928772,False,0.1283641874922869
410,0.4368512282520771,-0.013148771747922894,True,0.13727473233226978
411,0.46427513214044974,0.014275132140449731,True,0.1384601601275458
412,0.5132651641709411,0.06326516417094113,True,0.15699327701571986
413,0.41486403890700607,-0.03513596109299394,True,0.1470616865276868
414,0.45921102652360835,0.009211026523608334,True,0.1292536740593893
415,0.43113048184418135,-0.018869518155818665,True,0.15517482712168568
416,0.44565828788742556,-0.004341712112574447,True,0.15677033827171477
417,0.4065469396854573,-0.04345306031454271,True,0.1484986643124705
418,0.4538717298963922,0.003871729896392173,True,0.14252482480322082
419,0.4770048227472902,0.027004822747290214,True,0.12415068960133502
420,0.4169353757502462,-0.033064624249753816,True,0.13272537195893408
421,0.3882281311351189,-0.06177186886488112,True,0.13269809215009531
422,0.4413610107561104,-0.008638989243889617,True,0.17745013114025887
423,0.4783571783947018,0.02835717839470181,True,0.13533138651786603
424,0.45336052438287044,0.0033605243828704334,True,0.13632048104145955
425,0.5116062848283988,0.06160628482839875,True,0.1504929461559923
426,0.42989490268983455,-0.020105097310165465,True,0.1635087864519365
427,0.42198641215563626,-0.028013587844363752,True,0.15114493983129296
428,0.483756696908374,0.03375669690837396,True,0.16995426009414477
429,0.49173710872240894,0.04173710872240893,True,0.15768791067253018
430,0.4913727012433424,0.041372701243342414,True,0.13207341809494633
431,0.4518039766473521,0.0018039766473521013,True,0.1577995916844891
432,0.429338406214453,-0.020661593785546994,True,0.16117272117446702
433,0.4026050330297673,-0.04739496697023271,True,0.13411683585749845
434,0.4098054668702531,-0.04019453312974691,True,0.16493437882578588
435,0.4596730210062253,0.009673021006225302,True,0.1480696739897236
436,0.460570853986114,0.010570853986114015,True,0.13119945880577244
437,0.4025166937537177,-0.04748330624628233,True,0.14599908787152094
438,0.4467089429444799,-0.00329105705552013,True,0.16900107019244015
439,0.40890310530454366,-0.041096894695456354,True,0.16451250911461612
440,0.4376105413167719,-0.012389458683228105,True,0.1627928656837186
441,0.43441778969085015,-0.015582210309149858,True,0.15000735594476355
442,0.4136305320843093,-0.036369467915690734,True,0.14861191319977973
443,0.4682131188042565,0.018213118804256467,True,0.16178789415325612
444,0.416748753001995,-0.033251246998005024,True,0.1684998557639401
445,0.3988573899672232,-0.051142610032776814,True,0.1421494835979169
446,0.4425499825182266,-0.00745001748177343,True,0.14512230789247266
447,0.4587436803881171,0.00874368038811707,True,0.14026315547190316
448,0.5248929027712292,0.07489290277122923,False,0.14829613190340013
449,0.46392030002505785,0.013920300025057841,True,0.13943632736570433
450,0.4799486669583093,0.029948666958309278,True,0.1360390568043081
451,0.4199469184592417,-0.03005308154075831,True,0.15898966220447586
452,0.40678836404045926,-0.04321163595954075,True,0.1590824023626245
453,0.4590320518442979,0.009032051844297895,True,0.15540675577474333
454,0.3892136169321021,-0.06078638306789791,True,0.13805986107801305
455,0.3913411281345237,-0.0586588718654763,True,0.14373652125326786
456,0.45604230336069235,0.006042303360692336,True,0.1287350425211768
457,0.43551875702299836,-0.014481242977001652,True,0.14421095197737843
458,0.48983593213580745,0.03983593213580744,True,0.14648702249926826
459,0.4142632282861071,-0.03573677171389289,True,0.14235508460208635
460,0.51593962454041,0.06593962454040997,True,0.14332333901247596
461,0.43986650496424445,-0.010133495035755558,True,0.13298956535236062
462,0.4442076993981208,-0.005792300601879186,True,0.15916339356153858
463,0.46645827513570015,0.01645827513570014,True,0.17352134080380838
464,0.4621780348656335,0.012178034865633514,True,0.12195902339586684
465,0.4218581245987487,-0.028141875401251293,True,0.14537225215823024
466,0.5128989131566755,0.06289891315667545,True,0.15959928745992996
467,0.40526326999324674,-0.04473673000675327,True,0.14085410222738948
468,0.4618986473738607,0.011898647373860705,True,0.14877475347803404
469,0.47916944007954965,0.029169440079549636,True,0.1335895175280531
470,0.41846499609027527,-0.031535003909724746,True,0.14916894123007962
471,0.5382634135354312,0.08826341353543116,False,0.15428196648810388
472,0.4505492087808864,0.0005492087808863788,True,0.14851552662334072
473,0.4453268487600278,-0.004673151239972195,True,0.14280796928832573
474,0.3793546758813931,-0.07064532411860691,True,0.15376207698027577
475,0.4208162169764927,-0.029183783023507326,True,0.14417209730868719
476,0.4657755498031421,0.015775549803142108,True,0.13628936951568155
477,0.45975969337816047,0.009759693378160461,True,0.13736926847600156
478,0.45740506374648393,0.00740506374648392,True,0.14394739581204657
479,0.4796418185784233,0.029641818578423296,True,0.18310727013053857
480,0.4444517566502807,-0.005548243349719317,True,0.16271086555543185
481,0.43499527565936114,-0.015004724340638875,True,0.13712569899169108
482,0.456542041068545,0.0065420410685450014,True,0.14482861535348884
483,0.5344024792853627,0.08440247928536265,False,0.14238793855185805
484,0.4014202252959719,-0.048579774704028134,True,0.1686198584852705
485,0.4829143032603662,0.03291430326036621,True,0.1483287073585895
486,0.45903994460593434,0.009039944605934325,True,0.14961198879756066
487,0.44753607526210665,-0.0024639247378933637,True,0.15958185621423776
488,0.4169168705866146,-0.033083129413385426,True,0.15947302163709753
489,0.4874606329099327,0.03746063290993268,True,0.1469921979644997
490,0.44573836451600424,-0.004261635483995774,True,0.1563798297111305
491,0.42029954090105076,-0.02970045909894925,True,0.1541006931353498
492,0.5518548958327316,0.1018548958327316,False,0.14583957794831082
493,0.46278950446271216,0.012789504462712153,True,0.1316312139800393
494,0.4601880220248375,0.010188022024837484,True,0.13138908764710017
495,0.431944306112874,-0.018055693887126023,True,0.12867279474620907
496,0.5066736076132524,0.05667360761325241,True,0.14636626491854904
497,0.499343541727746,0.049343541727745965,True,0.13613743804679118
498,0.4817067442334644,0.03170674423346437,True,0.13861416100191626
499,0.40280280370357224,-0.04719719629642777,True,0.13449721274387505
