student,n,ABL_raw,ABL,HOT,CTQ,DHI,MAB_raw,MAB,balanced,higher_order,process
S001,8,4.375,0.675,0.625,0.4857142857142857,0.625,4,1.0,68.21428571428572,62.089285714285715,59.30357142857143
S002,8,4.0,0.6,0.625,0.4857142857142857,0.5249999999999999,4,1.0,64.71428571428571,59.839285714285715,56.05357142857144
S003,8,3.625,0.525,0.5,0.5571428571428572,0.725,4,1.0,66.14285714285715,57.267857142857146,60.66071428571429
S004,8,3.875,0.575,0.625,0.5714285714285714,0.5249999999999999,4,1.0,65.92857142857143,61.30357142857142,59.23214285714287
S005,8,4.5,0.7,0.75,0.5,0.725,4,1.0,73.50000000000001,70.37500000000001,65.12500000000001
S006,8,3.875,0.575,0.625,0.5428571428571428,0.575,4,1.0,66.35714285714286,61.48214285714286,59.339285714285715
S007,8,4.0,0.6,0.75,0.5714285714285714,0.6499999999999999,4,1.0,71.42857142857142,69.67857142857143,65.10714285714286
S008,8,3.125,0.425,0.5,0.4714285714285714,0.7,4,1.0,61.92857142857143,54.17857142857143,55.607142857142854
S009,8,2.875,0.375,0.25,0.5142857142857142,0.6000000000000001,4,1.0,54.785714285714285,40.535714285714285,49.32142857142857
S010,8,3.875,0.575,0.5,0.5142857142857142,0.7,4,1.0,65.78571428571429,56.53571428571429,58.821428571428584
S011,8,2.75,0.35,0.375,0.4714285714285714,0.6000000000000001,4,1.0,55.92857142857144,45.67857142857143,49.85714285714286
S012,8,3.625,0.525,0.5,0.5,0.575,3,0.8613531161467861,59.22706232293573,53.18176558073393,53.93176558073394
S013,8,4.0,0.6,0.75,0.5428571428571428,0.775,3,0.8613531161467861,70.58420518007858,70.28890843787678,66.39605129501965
S014,8,3.5,0.5,0.5,0.5142857142857142,0.8,3,0.8613531161467861,63.512776608650015,56.59247986644822,59.8781941521625
S015,8,3.5,0.5,0.5,0.4857142857142857,0.725,3,0.8613531161467861,61.441348037221445,54.896051295019646,56.86033700930536
S016,8,3.5,0.5,0.5,0.4714285714285714,0.75,3,0.8613531161467861,61.65563375150715,54.985337009305354,56.913908437876785
S017,8,3.5,0.5,0.5,0.45714285714285713,0.7250000000000001,4,1.0,63.642857142857146,55.01785714285714,56.41071428571429
S018,8,3.375,0.475,0.375,0.4857142857142857,0.675,4,1.0,60.21428571428572,48.339285714285715,53.55357142857143
S019,8,4.625,0.725,0.75,0.5142857142857142,0.675,4,1.0,73.28571428571429,70.16071428571429,64.69642857142858
S020,8,4.5,0.7,0.875,0.4857142857142857,0.6499999999999999,4,1.0,74.21428571428572,75.21428571428572,65.17857142857143
S021,8,4.375,0.675,0.75,0.4857142857142857,0.675,3,0.8613531161467861,68.94134803722145,68.39605129501965,62.36033700930537
S022,8,2.875,0.375,0.375,0.5142857142857142,0.725,4,1.0,59.785714285714285,48.660714285714285,54.94642857142858
S023,8,3.75,0.55,0.625,0.5428571428571428,0.9,3,0.8613531161467861,69.58420518007858,65.41390843787678,66.52105129501965
S024,8,2.125,0.225,0.25,0.5285714285714286,0.6000000000000001,3,0.8613531161467861,49.2984908943643,38.62819415216251,47.69962272359108
