student,score_low,score_high,rank_low,rank_high
S001,67.34884447101523,69.05254407530258,8.0,8.0
S002,63.7651805731612,65.65953812749353,13.0,13.0
S003,65.30702950921116,67.00044810095845,9.0,11.0
S004,65.01750794955085,66.83464510091349,10.0,12.0
S005,72.66781823289904,74.30446609389654,2.0,2.0
S006,65.47351002246107,67.23335782510851,9.0,10.0
S007,70.61164580840375,72.27080435279592,4.0,4.0
S008,60.98302150610466,62.91140764380311,16.0,17.0
S009,53.5786978970108,56.05884106540877,23.0,23.0
S010,64.95127296505147,66.6570521798306,11.0,12.0
S011,54.84983645557447,57.07786680113812,22.0,22.0
S012,58.54921468434056,59.88176805197995,21.0,21.0
S013,70.03678415122916,71.16600872509669,5.0,5.0
S014,62.89334653156764,64.21208349192432,14.0,15.0
S015,60.74404136479018,62.10598918049502,18.0,18.0
S016,60.94938244864772,62.37422303745581,16.0,17.0
S017,62.72337220852263,64.59727007219864,14.0,15.0
S018,59.17549938067086,61.23863773267763,19.0,19.0
S019,72.44642423483495,74.09290917574717,3.0,3.0
S020,73.27097148680542,75.14202931492576,1.0,1.0
S021,68.31687415201691,69.56928434183168,7.0,7.0
S022,58.74035109159676,60.92567679470383,20.0,20.0
S023,68.93939288427401,70.27874159283483,6.0,6.0
S024,48.247135086780965,50.39422840398378,24.0,24.0
